kind,file,size_bytes,mtime_utc,copy_to,in_this_package,note
wind,U10.5_TI8_S1.bts,23112166,2026-09-06T06:39:20Z,~/wtrl/wind,yes,
wind,U10.5_TI8_S1.inp,7129,2026-09-06T06:38:30Z,~/wtrl/wind,yes,
wind,U10.5_TI8_S1.log,1122,2026-09-06T06:39:20Z,~/wtrl/wind,yes,
wind,U10.5_TI8_S1.sum,33644,2026-09-06T06:39:20Z,~/wtrl/wind,yes,
wind,U10.5_TI8_S2.bts,23112166,2026-09-06T06:39:20Z,~/wtrl/wind,yes,
wind,U10.5_TI8_S2.inp,7129,2026-09-06T06:38:30Z,~/wtrl/wind,yes,
wind,U10.5_TI8_S2.log,1122,2026-09-06T06:39:20Z,~/wtrl/wind,yes,
wind,U10.5_TI8_S2.sum,33644,2026-09-06T06:39:20Z,~/wtrl/wind,yes,
wind,U10.5_TI8_S3.bts,23112166,2026-09-06T06:40:14Z,~/wtrl/wind,yes,
wind,U10.5_TI8_S3.inp,7129,2026-09-06T06:39:20Z,~/wtrl/wind,yes,
wind,U10.5_TI8_S3.log,1122,2026-09-06T06:40:14Z,~/wtrl/wind,yes,
wind,U10.5_TI8_S3.sum,33644,2026-09-06T06:40:14Z,~/wtrl/wind,yes,
wind,U10.5_TI8_S4.bts,23112166,2026-09-06T06:40:14Z,~/wtrl/wind,yes,
wind,U10.5_TI8_S4.inp,7129,2026-09-06T06:39:20Z,~/wtrl/wind,yes,
wind,U10.5_TI8_S4.log,1122,2026-09-06T06:40:14Z,~/wtrl/wind,yes,
wind,U10.5_TI8_S4.sum,33644,2026-09-06T06:40:14Z,~/wtrl/wind,yes,
wind,U10.5_TI8_S5.bts,23112166,2026-09-06T06:40:14Z,~/wtrl/wind,yes,
wind,U10.5_TI8_S5.inp,7129,2026-09-06T06:39:20Z,~/wtrl/wind,yes,
wind,U10.5_TI8_S5.log,1122,2026-09-06T06:40:14Z,~/wtrl/wind,yes,
wind,U10.5_TI8_S5.sum,33644,2026-09-06T06:40:14Z,~/wtrl/wind,yes,
wind,U10.5_TI8_S6.bts,23112166,2026-09-06T06:40:14Z,~/wtrl/wind,yes,
wind,U10.5_TI8_S6.inp,7129,2026-09-06T06:39:20Z,~/wtrl/wind,yes,
wind,U10.5_TI8_S6.log,1122,2026-09-06T06:40:14Z,~/wtrl/wind,yes,
wind,U10.5_TI8_S6.sum,33644,2026-09-06T06:40:14Z,~/wtrl/wind,yes,
wind,U12.5_TI14_S3.bts,23160166,2026-09-06T02:16:04Z,~/wtrl/wind,yes,
wind,U12.5_TI14_S3.inp,7116,2026-09-06T02:14:44Z,~/wtrl/wind,yes,
wind,U12.5_TI14_S3.log,1124,2026-09-06T02:16:04Z,~/wtrl/wind,yes,
wind,U12.5_TI14_S3.sum,33833,2026-09-06T02:16:04Z,~/wtrl/wind,yes,
wind,U12.5_TI14_S4.bts,23160166,2026-09-06T02:16:04Z,~/wtrl/wind,yes,
wind,U12.5_TI14_S4.inp,7116,2026-09-06T02:14:44Z,~/wtrl/wind,yes,
wind,U12.5_TI14_S4.log,1124,2026-09-06T02:16:04Z,~/wtrl/wind,yes,
wind,U12.5_TI14_S4.sum,33833,2026-09-06T02:16:04Z,~/wtrl/wind,yes,
wind,U12.5_TI2_S1.bts,23160166,2026-09-04T23:55:14Z,~/wtrl/wind,yes,
wind,U12.5_TI2_S1.inp,7114,2026-09-04T23:53:50Z,~/wtrl/wind,yes,
wind,U12.5_TI2_S1.log,1122,2026-09-04T23:55:14Z,~/wtrl/wind,yes,
wind,U12.5_TI2_S1.sum,33832,2026-09-04T23:55:14Z,~/wtrl/wind,yes,
wind,U12.5_TI2_S2.bts,23160166,2026-09-04T23:55:14Z,~/wtrl/wind,yes,
wind,U12.5_TI2_S2.inp,7114,2026-09-04T23:53:50Z,~/wtrl/wind,yes,
wind,U12.5_TI2_S2.log,1122,2026-09-04T23:55:14Z,~/wtrl/wind,yes,
wind,U12.5_TI2_S2.sum,33832,2026-09-04T23:55:14Z,~/wtrl/wind,yes,
wind,U12.5_TI8_S1.bts,23160166,2026-09-01T08:01:06Z,~/wtrl/wind,yes,
wind,U12.5_TI8_S1.inp,7114,2026-09-01T07:59:52Z,~/wtrl/wind,yes,
wind,U12.5_TI8_S1.log,1122,2026-09-01T08:01:06Z,~/wtrl/wind,yes,
wind,U12.5_TI8_S1.sum,33832,2026-09-01T08:01:06Z,~/wtrl/wind,yes,
wind,U12.5_TI8_S10.bts,23160166,2026-09-09T23:08:17Z,~/wtrl/wind,yes,
wind,U12.5_TI8_S10.inp,7116,2026-09-09T23:08:17Z,~/wtrl/wind,yes,
wind,U12.5_TI8_S10.sum,33834,2026-09-09T23:08:17Z,~/wtrl/wind,yes,
wind,U12.5_TI8_S2.bts,23160166,2026-09-01T08:01:06Z,~/wtrl/wind,yes,
wind,U12.5_TI8_S2.inp,7114,2026-09-01T07:59:52Z,~/wtrl/wind,yes,
wind,U12.5_TI8_S2.log,1122,2026-09-01T08:01:06Z,~/wtrl/wind,yes,
wind,U12.5_TI8_S2.sum,33832,2026-09-01T08:01:06Z,~/wtrl/wind,yes,
wind,U12.5_TI8_S3.bts,23160166,2026-09-01T08:02:24Z,~/wtrl/wind,yes,
wind,U12.5_TI8_S3.inp,7114,2026-09-01T08:01:06Z,~/wtrl/wind,yes,
wind,U12.5_TI8_S3.log,1122,2026-09-01T08:02:24Z,~/wtrl/wind,yes,
wind,U12.5_TI8_S3.sum,33832,2026-09-01T08:02:24Z,~/wtrl/wind,yes,
wind,U12.5_TI8_S4.bts,23160166,2026-09-01T08:02:24Z,~/wtrl/wind,yes,
wind,U12.5_TI8_S4.inp,7114,2026-09-01T08:01:06Z,~/wtrl/wind,yes,
wind,U12.5_TI8_S4.log,1122,2026-09-01T08:02:24Z,~/wtrl/wind,yes,
wind,U12.5_TI8_S4.sum,33832,2026-09-01T08:02:24Z,~/wtrl/wind,yes,
wind,U12.5_TI8_S5.bts,23160166,2026-09-01T08:02:24Z,~/wtrl/wind,yes,
wind,U12.5_TI8_S5.inp,7114,2026-09-01T08:01:06Z,~/wtrl/wind,yes,
wind,U12.5_TI8_S5.log,1122,2026-09-01T08:02:24Z,~/wtrl/wind,yes,
wind,U12.5_TI8_S5.sum,33832,2026-09-01T08:02:24Z,~/wtrl/wind,yes,
wind,U12.5_TI8_S6.bts,23160166,2026-09-01T08:02:24Z,~/wtrl/wind,yes,
wind,U12.5_TI8_S6.inp,7114,2026-09-01T08:01:06Z,~/wtrl/wind,yes,
wind,U12.5_TI8_S6.log,1122,2026-09-01T08:02:24Z,~/wtrl/wind,yes,
wind,U12.5_TI8_S6.sum,33832,2026-09-01T08:02:24Z,~/wtrl/wind,yes,
wind,U12.5_TI8_S7.bts,23160166,2026-09-09T23:08:15Z,~/wtrl/wind,yes,
wind,U12.5_TI8_S7.inp,7114,2026-09-09T23:08:15Z,~/wtrl/wind,yes,
wind,U12.5_TI8_S7.sum,33833,2026-09-09T23:08:15Z,~/wtrl/wind,yes,
wind,U12.5_TI8_S8.bts,23160166,2026-09-09T23:08:15Z,~/wtrl/wind,yes,
wind,U12.5_TI8_S8.inp,7114,2026-09-09T23:08:16Z,~/wtrl/wind,yes,
wind,U12.5_TI8_S8.sum,33833,2026-09-09T23:08:16Z,~/wtrl/wind,yes,
wind,U12.5_TI8_S9.bts,23160166,2026-09-09T23:08:16Z,~/wtrl/wind,yes,
wind,U12.5_TI8_S9.inp,7114,2026-09-09T23:08:17Z,~/wtrl/wind,yes,
wind,U12.5_TI8_S9.sum,33833,2026-09-09T23:08:17Z,~/wtrl/wind,yes,
wind,U13_TI8_S1.bts,23112166,2026-09-06T06:32:48Z,~/wtrl/wind,yes,
wind,U13_TI8_S1.inp,7125,2026-09-06T06:32:00Z,~/wtrl/wind,yes,
wind,U13_TI8_S1.log,1118,2026-09-06T06:32:48Z,~/wtrl/wind,yes,
wind,U13_TI8_S1.sum,33642,2026-09-06T06:32:48Z,~/wtrl/wind,yes,
wind,U13_TI8_S2.bts,23112166,2026-09-06T06:41:12Z,~/wtrl/wind,yes,
wind,U13_TI8_S2.inp,7125,2026-09-06T06:40:14Z,~/wtrl/wind,yes,
wind,U13_TI8_S2.log,1118,2026-09-06T06:41:12Z,~/wtrl/wind,yes,
wind,U13_TI8_S2.sum,33642,2026-09-06T06:41:12Z,~/wtrl/wind,yes,
wind,U13_TI8_S3.bts,23112166,2026-09-06T06:41:12Z,~/wtrl/wind,yes,
wind,U13_TI8_S3.inp,7125,2026-09-06T06:40:14Z,~/wtrl/wind,yes,
wind,U13_TI8_S3.log,1118,2026-09-06T06:41:12Z,~/wtrl/wind,yes,
wind,U13_TI8_S3.sum,33642,2026-09-06T06:41:12Z,~/wtrl/wind,yes,
wind,U13_TI8_S4.bts,23112166,2026-09-06T06:41:12Z,~/wtrl/wind,yes,
wind,U13_TI8_S4.inp,7125,2026-09-06T06:40:14Z,~/wtrl/wind,yes,
wind,U13_TI8_S4.log,1118,2026-09-06T06:41:12Z,~/wtrl/wind,yes,
wind,U13_TI8_S4.sum,33642,2026-09-06T06:41:12Z,~/wtrl/wind,yes,
wind,U13_TI8_S5.bts,23112166,2026-09-06T06:41:12Z,~/wtrl/wind,yes,
wind,U13_TI8_S5.inp,7125,2026-09-06T06:40:14Z,~/wtrl/wind,yes,
wind,U13_TI8_S5.log,1117,2026-09-06T06:41:12Z,~/wtrl/wind,yes,
wind,U13_TI8_S5.sum,33641,2026-09-06T06:41:12Z,~/wtrl/wind,yes,
wind,U13_TI8_S6.bts,23112166,2026-09-06T06:41:56Z,~/wtrl/wind,yes,
wind,U13_TI8_S6.inp,7125,2026-09-06T06:41:12Z,~/wtrl/wind,yes,
wind,U13_TI8_S6.log,1118,2026-09-06T06:41:56Z,~/wtrl/wind,yes,
wind,U13_TI8_S6.sum,33642,2026-09-06T06:41:56Z,~/wtrl/wind,yes,
wind,U15_TI14_S3.bts,23160166,2026-09-06T02:17:26Z,~/wtrl/wind,yes,
wind,U15_TI14_S3.inp,7112,2026-09-06T02:16:04Z,~/wtrl/wind,yes,
wind,U15_TI14_S3.log,1119,2026-09-06T02:17:26Z,~/wtrl/wind,yes,
wind,U15_TI14_S3.sum,33830,2026-09-06T02:17:26Z,~/wtrl/wind,yes,
wind,U15_TI14_S4.bts,23160166,2026-09-06T02:17:26Z,~/wtrl/wind,yes,
wind,U15_TI14_S4.inp,7112,2026-09-06T02:16:04Z,~/wtrl/wind,yes,
wind,U15_TI14_S4.log,1120,2026-09-06T02:17:26Z,~/wtrl/wind,yes,
wind,U15_TI14_S4.sum,33831,2026-09-06T02:17:26Z,~/wtrl/wind,yes,
wind,U15_TI22_S3.bts,23160166,2026-09-06T02:18:48Z,~/wtrl/wind,yes,
wind,U15_TI22_S3.inp,7112,2026-09-06T02:17:26Z,~/wtrl/wind,yes,
wind,U15_TI22_S3.log,1120,2026-09-06T02:18:48Z,~/wtrl/wind,yes,
wind,U15_TI22_S3.sum,33831,2026-09-06T02:18:48Z,~/wtrl/wind,yes,
wind,U15_TI22_S4.bts,23160166,2026-09-06T02:18:48Z,~/wtrl/wind,yes,
wind,U15_TI22_S4.inp,7112,2026-09-06T02:17:26Z,~/wtrl/wind,yes,
wind,U15_TI22_S4.log,1120,2026-09-06T02:18:48Z,~/wtrl/wind,yes,
wind,U15_TI22_S4.sum,33831,2026-09-06T02:18:48Z,~/wtrl/wind,yes,
wind,U15_TI2_S1.bts,23160166,2026-09-04T23:56:36Z,~/wtrl/wind,yes,
wind,U15_TI2_S1.inp,7110,2026-09-04T23:55:14Z,~/wtrl/wind,yes,
wind,U15_TI2_S1.log,1118,2026-09-04T23:56:36Z,~/wtrl/wind,yes,
wind,U15_TI2_S1.sum,33830,2026-09-04T23:56:36Z,~/wtrl/wind,yes,
wind,U15_TI2_S2.bts,23160166,2026-09-04T23:56:36Z,~/wtrl/wind,yes,
wind,U15_TI2_S2.inp,7110,2026-09-04T23:55:14Z,~/wtrl/wind,yes,
wind,U15_TI2_S2.log,1118,2026-09-04T23:56:36Z,~/wtrl/wind,yes,
wind,U15_TI2_S2.sum,33830,2026-09-04T23:56:36Z,~/wtrl/wind,yes,
wind,U15_TI8_S1.bts,23160166,2026-09-01T08:03:46Z,~/wtrl/wind,yes,
wind,U15_TI8_S1.inp,7110,2026-09-01T08:02:24Z,~/wtrl/wind,yes,
wind,U15_TI8_S1.log,1118,2026-09-01T08:03:46Z,~/wtrl/wind,yes,
wind,U15_TI8_S1.sum,33830,2026-09-01T08:03:46Z,~/wtrl/wind,yes,
wind,U15_TI8_S10.bts,23160166,2026-09-09T23:08:17Z,~/wtrl/wind,yes,
wind,U15_TI8_S10.inp,7112,2026-09-09T23:08:17Z,~/wtrl/wind,yes,
wind,U15_TI8_S10.sum,33832,2026-09-09T23:08:17Z,~/wtrl/wind,yes,
wind,U15_TI8_S2.bts,23160166,2026-09-01T08:03:46Z,~/wtrl/wind,yes,
wind,U15_TI8_S2.inp,7110,2026-09-01T08:02:24Z,~/wtrl/wind,yes,
wind,U15_TI8_S2.log,1118,2026-09-01T08:03:46Z,~/wtrl/wind,yes,
wind,U15_TI8_S2.sum,33830,2026-09-01T08:03:46Z,~/wtrl/wind,yes,
wind,U15_TI8_S3.bts,23160166,2026-09-01T08:03:46Z,~/wtrl/wind,yes,
wind,U15_TI8_S3.inp,7110,2026-09-01T08:02:24Z,~/wtrl/wind,yes,
wind,U15_TI8_S3.log,1118,2026-09-01T08:03:46Z,~/wtrl/wind,yes,
wind,U15_TI8_S3.sum,33830,2026-09-01T08:03:46Z,~/wtrl/wind,yes,
wind,U15_TI8_S4.bts,23160166,2026-09-01T08:03:46Z,~/wtrl/wind,yes,
wind,U15_TI8_S4.inp,7110,2026-09-01T08:02:24Z,~/wtrl/wind,yes,
wind,U15_TI8_S4.log,1118,2026-09-01T08:03:46Z,~/wtrl/wind,yes,
wind,U15_TI8_S4.sum,33830,2026-09-01T08:03:46Z,~/wtrl/wind,yes,
wind,U15_TI8_S5.bts,23160166,2026-09-01T08:05:02Z,~/wtrl/wind,yes,
wind,U15_TI8_S5.inp,7110,2026-09-01T08:03:46Z,~/wtrl/wind,yes,
wind,U15_TI8_S5.log,1118,2026-09-01T08:05:02Z,~/wtrl/wind,yes,
wind,U15_TI8_S5.sum,33830,2026-09-01T08:05:02Z,~/wtrl/wind,yes,
wind,U15_TI8_S6.bts,23160166,2026-09-01T08:05:02Z,~/wtrl/wind,yes,
wind,U15_TI8_S6.inp,7110,2026-09-01T08:03:46Z,~/wtrl/wind,yes,
wind,U15_TI8_S6.log,1118,2026-09-01T08:05:02Z,~/wtrl/wind,yes,
wind,U15_TI8_S6.sum,33830,2026-09-01T08:05:02Z,~/wtrl/wind,yes,
wind,U15_TI8_S7.bts,23160166,2026-09-09T23:08:15Z,~/wtrl/wind,yes,
wind,U15_TI8_S7.inp,7110,2026-09-09T23:08:15Z,~/wtrl/wind,yes,
wind,U15_TI8_S7.sum,33831,2026-09-09T23:08:15Z,~/wtrl/wind,yes,
wind,U15_TI8_S8.bts,23160166,2026-09-09T23:08:16Z,~/wtrl/wind,yes,
wind,U15_TI8_S8.inp,7110,2026-09-09T23:08:16Z,~/wtrl/wind,yes,
wind,U15_TI8_S8.sum,33831,2026-09-09T23:08:16Z,~/wtrl/wind,yes,
wind,U15_TI8_S9.bts,23160166,2026-09-09T23:08:16Z,~/wtrl/wind,yes,
wind,U15_TI8_S9.inp,7110,2026-09-09T23:08:17Z,~/wtrl/wind,yes,
wind,U15_TI8_S9.sum,33831,2026-09-09T23:08:17Z,~/wtrl/wind,yes,
wind,U18_TI8_S3.bts,23160166,2026-09-06T02:20:20Z,~/wtrl/wind,yes,
wind,U18_TI8_S3.inp,7110,2026-09-06T02:18:48Z,~/wtrl/wind,yes,
wind,U18_TI8_S3.log,1118,2026-09-06T02:20:20Z,~/wtrl/wind,yes,
wind,U18_TI8_S3.sum,33830,2026-09-06T02:20:20Z,~/wtrl/wind,yes,
wind,U18_TI8_S4.bts,23160166,2026-09-06T02:20:22Z,~/wtrl/wind,yes,
wind,U18_TI8_S4.inp,7110,2026-09-06T02:18:48Z,~/wtrl/wind,yes,
wind,U18_TI8_S4.log,1118,2026-09-06T02:20:22Z,~/wtrl/wind,yes,
wind,U18_TI8_S4.sum,33830,2026-09-06T02:20:22Z,~/wtrl/wind,yes,
wind,U7_TI8_S1.bts,23112166,2026-09-06T06:38:30Z,~/wtrl/wind,yes,
wind,U7_TI8_S1.inp,7123,2026-09-06T06:37:42Z,~/wtrl/wind,yes,
wind,U7_TI8_S1.log,1116,2026-09-06T06:38:30Z,~/wtrl/wind,yes,
wind,U7_TI8_S1.sum,33641,2026-09-06T06:38:30Z,~/wtrl/wind,yes,
wind,U7_TI8_S2.bts,23112166,2026-09-06T06:38:30Z,~/wtrl/wind,yes,
wind,U7_TI8_S2.inp,7123,2026-09-06T06:37:42Z,~/wtrl/wind,yes,
wind,U7_TI8_S2.log,1116,2026-09-06T06:38:30Z,~/wtrl/wind,yes,
wind,U7_TI8_S2.sum,33641,2026-09-06T06:38:30Z,~/wtrl/wind,yes,
wind,U7_TI8_S3.bts,23112166,2026-09-06T06:38:30Z,~/wtrl/wind,yes,
wind,U7_TI8_S3.inp,7123,2026-09-06T06:37:42Z,~/wtrl/wind,yes,
wind,U7_TI8_S3.log,1116,2026-09-06T06:38:30Z,~/wtrl/wind,yes,
wind,U7_TI8_S3.sum,33641,2026-09-06T06:38:30Z,~/wtrl/wind,yes,
wind,U7_TI8_S4.bts,23112166,2026-09-06T06:38:30Z,~/wtrl/wind,yes,
wind,U7_TI8_S4.inp,7123,2026-09-06T06:37:42Z,~/wtrl/wind,yes,
wind,U7_TI8_S4.log,1116,2026-09-06T06:38:30Z,~/wtrl/wind,yes,
wind,U7_TI8_S4.sum,33641,2026-09-06T06:38:30Z,~/wtrl/wind,yes,
wind,U7_TI8_S5.bts,23112166,2026-09-06T06:39:12Z,~/wtrl/wind,yes,
wind,U7_TI8_S5.inp,7123,2026-09-06T06:38:30Z,~/wtrl/wind,yes,
wind,U7_TI8_S5.log,1116,2026-09-06T06:39:12Z,~/wtrl/wind,yes,
wind,U7_TI8_S5.sum,33641,2026-09-06T06:39:12Z,~/wtrl/wind,yes,
wind,U7_TI8_S6.bts,23112166,2026-09-06T06:39:14Z,~/wtrl/wind,yes,
wind,U7_TI8_S6.inp,7123,2026-09-06T06:38:30Z,~/wtrl/wind,yes,
wind,U7_TI8_S6.log,1116,2026-09-06T06:39:14Z,~/wtrl/wind,yes,
wind,U7_TI8_S6.sum,33641,2026-09-06T06:39:14Z,~/wtrl/wind,yes,
wind,U8_TI14_S3.bts,23160166,2026-09-06T02:15:44Z,~/wtrl/wind,yes,
wind,U8_TI14_S3.inp,7110,2026-09-06T02:14:44Z,~/wtrl/wind,yes,
wind,U8_TI14_S3.log,1118,2026-09-06T02:15:44Z,~/wtrl/wind,yes,
wind,U8_TI14_S3.sum,33830,2026-09-06T02:15:44Z,~/wtrl/wind,yes,
wind,U8_TI14_S4.bts,23160166,2026-09-06T02:15:44Z,~/wtrl/wind,yes,
wind,U8_TI14_S4.inp,7110,2026-09-06T02:14:44Z,~/wtrl/wind,yes,
wind,U8_TI14_S4.log,1118,2026-09-06T02:15:44Z,~/wtrl/wind,yes,
wind,U8_TI14_S4.sum,33830,2026-09-06T02:15:44Z,~/wtrl/wind,yes,
wind,U8_TI2_S1.bts,23160166,2026-09-04T23:54:56Z,~/wtrl/wind,yes,
wind,U8_TI2_S1.inp,7108,2026-09-04T23:53:50Z,~/wtrl/wind,yes,
wind,U8_TI2_S1.log,1116,2026-09-04T23:54:56Z,~/wtrl/wind,yes,
wind,U8_TI2_S1.sum,33829,2026-09-04T23:54:56Z,~/wtrl/wind,yes,
wind,U8_TI2_S2.bts,23160166,2026-09-04T23:54:56Z,~/wtrl/wind,yes,
wind,U8_TI2_S2.inp,7108,2026-09-04T23:53:50Z,~/wtrl/wind,yes,
wind,U8_TI2_S2.log,1116,2026-09-04T23:54:56Z,~/wtrl/wind,yes,
wind,U8_TI2_S2.sum,33829,2026-09-04T23:54:56Z,~/wtrl/wind,yes,
wind,U8_TI8_S1.bts,23160166,2026-09-01T07:59:52Z,~/wtrl/wind,yes,
wind,U8_TI8_S1.inp,7108,2026-09-01T07:58:50Z,~/wtrl/wind,yes,
wind,U8_TI8_S1.log,1116,2026-09-01T07:59:52Z,~/wtrl/wind,yes,
wind,U8_TI8_S1.sum,33829,2026-09-01T07:59:52Z,~/wtrl/wind,yes,
wind,U8_TI8_S10.bts,23160166,2026-09-09T23:08:17Z,~/wtrl/wind,yes,
wind,U8_TI8_S10.inp,7110,2026-09-09T23:08:17Z,~/wtrl/wind,yes,
wind,U8_TI8_S10.sum,33831,2026-09-09T23:08:17Z,~/wtrl/wind,yes,
wind,U8_TI8_S2.bts,23160166,2026-09-01T07:59:52Z,~/wtrl/wind,yes,
wind,U8_TI8_S2.inp,7108,2026-09-01T07:58:50Z,~/wtrl/wind,yes,
wind,U8_TI8_S2.log,1116,2026-09-01T07:59:52Z,~/wtrl/wind,yes,
wind,U8_TI8_S2.sum,33829,2026-09-01T07:59:52Z,~/wtrl/wind,yes,
wind,U8_TI8_S3.bts,23160166,2026-09-01T07:59:52Z,~/wtrl/wind,yes,
wind,U8_TI8_S3.inp,7108,2026-09-01T07:58:50Z,~/wtrl/wind,yes,
wind,U8_TI8_S3.log,1116,2026-09-01T07:59:52Z,~/wtrl/wind,yes,
wind,U8_TI8_S3.sum,33829,2026-09-01T07:59:52Z,~/wtrl/wind,yes,
wind,U8_TI8_S4.bts,23160166,2026-09-01T07:59:52Z,~/wtrl/wind,yes,
wind,U8_TI8_S4.inp,7108,2026-09-01T07:58:50Z,~/wtrl/wind,yes,
wind,U8_TI8_S4.log,1116,2026-09-01T07:59:52Z,~/wtrl/wind,yes,
wind,U8_TI8_S4.sum,33829,2026-09-01T07:59:52Z,~/wtrl/wind,yes,
wind,U8_TI8_S5.bts,23160166,2026-09-01T08:00:48Z,~/wtrl/wind,yes,
wind,U8_TI8_S5.inp,7108,2026-09-01T07:59:52Z,~/wtrl/wind,yes,
wind,U8_TI8_S5.log,1116,2026-09-01T08:00:48Z,~/wtrl/wind,yes,
wind,U8_TI8_S5.sum,33829,2026-09-01T08:00:48Z,~/wtrl/wind,yes,
wind,U8_TI8_S6.bts,23160166,2026-09-01T08:00:48Z,~/wtrl/wind,yes,
wind,U8_TI8_S6.inp,7108,2026-09-01T07:59:52Z,~/wtrl/wind,yes,
wind,U8_TI8_S6.log,1116,2026-09-01T08:00:48Z,~/wtrl/wind,yes,
wind,U8_TI8_S6.sum,33829,2026-09-01T08:00:48Z,~/wtrl/wind,yes,
wind,U8_TI8_S7.bts,23160166,2026-09-09T23:08:15Z,~/wtrl/wind,yes,
wind,U8_TI8_S7.inp,7108,2026-09-09T23:08:15Z,~/wtrl/wind,yes,
wind,U8_TI8_S7.sum,33830,2026-09-09T23:08:15Z,~/wtrl/wind,yes,
wind,U8_TI8_S8.bts,23160166,2026-09-09T23:08:16Z,~/wtrl/wind,yes,
wind,U8_TI8_S8.inp,7108,2026-09-09T23:08:16Z,~/wtrl/wind,yes,
wind,U8_TI8_S8.sum,33830,2026-09-09T23:08:16Z,~/wtrl/wind,yes,
wind,U8_TI8_S9.bts,23160166,2026-09-09T23:08:17Z,~/wtrl/wind,yes,
wind,U8_TI8_S9.inp,7108,2026-09-09T23:08:17Z,~/wtrl/wind,yes,
wind,U8_TI8_S9.sum,33830,2026-09-09T23:08:17Z,~/wtrl/wind,yes,
baseline_openfast,U10.5_TI8_S1.npz,218408172,2026-09-06T06:48:32Z,~/wtrl/baselines/openfast,yes,
baseline_openfast,U10.5_TI8_S2.npz,218408172,2026-09-06T06:48:36Z,~/wtrl/baselines/openfast,yes,
baseline_openfast,U10.5_TI8_S3.npz,218408172,2026-09-06T06:55:12Z,~/wtrl/baselines/openfast,yes,
baseline_openfast,U10.5_TI8_S4.npz,218408172,2026-09-06T06:55:16Z,~/wtrl/baselines/openfast,yes,
baseline_openfast,U10.5_TI8_S5.npz,218408172,2026-09-06T07:01:50Z,~/wtrl/baselines/openfast,yes,
baseline_openfast,U10.5_TI8_S6.npz,218408172,2026-09-06T07:01:52Z,~/wtrl/baselines/openfast,yes,
baseline_openfast,U12.5_TI14_S3.npz,10101748,2026-09-06T02:21:26Z,~/wtrl/baselines/openfast,yes,
baseline_openfast,U12.5_TI14_S4.npz,10101748,2026-09-06T02:21:26Z,~/wtrl/baselines/openfast,yes,
baseline_openfast,U12.5_TI2_S1.npz,10101748,2026-09-04T23:57:40Z,~/wtrl/baselines/openfast,yes,
baseline_openfast,U12.5_TI2_S2.npz,10101748,2026-09-04T23:57:40Z,~/wtrl/baselines/openfast,yes,
baseline_openfast,U12.5_TI8_S1.npz,9500528,2026-09-01T08:06:52Z,~/wtrl/baselines/openfast,yes,
baseline_openfast,U12.5_TI8_S10.npz,10101748,2026-09-09T23:08:17Z,~/wtrl/baselines/openfast,yes,
baseline_openfast,U12.5_TI8_S2.npz,9500528,2026-09-01T08:06:52Z,~/wtrl/baselines/openfast,yes,
baseline_openfast,U12.5_TI8_S3.npz,9500528,2026-09-01T08:07:50Z,~/wtrl/baselines/openfast,yes,
baseline_openfast,U12.5_TI8_S4.npz,9500528,2026-09-01T08:07:50Z,~/wtrl/baselines/openfast,yes,
baseline_openfast,U12.5_TI8_S5.npz,9500528,2026-09-01T08:08:48Z,~/wtrl/baselines/openfast,yes,
baseline_openfast,U12.5_TI8_S6.npz,9500528,2026-09-01T08:08:48Z,~/wtrl/baselines/openfast,yes,
baseline_openfast,U12.5_TI8_S7.npz,10101748,2026-09-09T23:08:15Z,~/wtrl/baselines/openfast,yes,
baseline_openfast,U12.5_TI8_S8.npz,10101748,2026-09-09T23:08:16Z,~/wtrl/baselines/openfast,yes,
baseline_openfast,U12.5_TI8_S9.npz,10101748,2026-09-09T23:08:17Z,~/wtrl/baselines/openfast,yes,
baseline_openfast,U13_TI8_S1.npz,218408172,2026-09-06T06:48:36Z,~/wtrl/baselines/openfast,yes,
baseline_openfast,U13_TI8_S2.npz,218408172,2026-09-06T06:48:36Z,~/wtrl/baselines/openfast,yes,
baseline_openfast,U13_TI8_S3.npz,218408172,2026-09-06T06:55:10Z,~/wtrl/baselines/openfast,yes,
baseline_openfast,U13_TI8_S4.npz,218408172,2026-09-06T06:55:10Z,~/wtrl/baselines/openfast,yes,
baseline_openfast,U13_TI8_S5.npz,218408172,2026-09-06T07:01:52Z,~/wtrl/baselines/openfast,yes,
baseline_openfast,U13_TI8_S6.npz,218408172,2026-09-06T07:01:58Z,~/wtrl/baselines/openfast,yes,
baseline_openfast,U15_TI14_S3.npz,10101748,2026-09-06T02:21:26Z,~/wtrl/baselines/openfast,yes,
baseline_openfast,U15_TI14_S4.npz,10101748,2026-09-06T02:21:26Z,~/wtrl/baselines/openfast,yes,
baseline_openfast,U15_TI22_S3.npz,10101748,2026-09-06T02:22:20Z,~/wtrl/baselines/openfast,yes,
baseline_openfast,U15_TI22_S4.npz,10101748,2026-09-06T02:22:20Z,~/wtrl/baselines/openfast,yes,
baseline_openfast,U15_TI2_S1.npz,10101748,2026-09-04T23:57:40Z,~/wtrl/baselines/openfast,yes,
baseline_openfast,U15_TI2_S2.npz,10101748,2026-09-04T23:57:40Z,~/wtrl/baselines/openfast,yes,
baseline_openfast,U15_TI8_S1.npz,9500528,2026-09-01T08:06:54Z,~/wtrl/baselines/openfast,yes,
baseline_openfast,U15_TI8_S10.npz,10101748,2026-09-09T23:08:17Z,~/wtrl/baselines/openfast,yes,
baseline_openfast,U15_TI8_S2.npz,9500528,2026-09-01T08:06:52Z,~/wtrl/baselines/openfast,yes,
baseline_openfast,U15_TI8_S3.npz,9500528,2026-09-01T08:07:50Z,~/wtrl/baselines/openfast,yes,
baseline_openfast,U15_TI8_S4.npz,9500528,2026-09-01T08:07:50Z,~/wtrl/baselines/openfast,yes,
baseline_openfast,U15_TI8_S5.npz,9500528,2026-09-01T08:08:48Z,~/wtrl/baselines/openfast,yes,
baseline_openfast,U15_TI8_S6.npz,9500528,2026-09-01T08:08:48Z,~/wtrl/baselines/openfast,yes,
baseline_openfast,U15_TI8_S7.npz,10101748,2026-09-09T23:08:15Z,~/wtrl/baselines/openfast,yes,
baseline_openfast,U15_TI8_S8.npz,10101748,2026-09-09T23:08:16Z,~/wtrl/baselines/openfast,yes,
baseline_openfast,U15_TI8_S9.npz,10101748,2026-09-09T23:08:17Z,~/wtrl/baselines/openfast,yes,
baseline_openfast,U18_TI8_S3.npz,10101748,2026-09-06T02:23:12Z,~/wtrl/baselines/openfast,yes,
baseline_openfast,U18_TI8_S4.npz,10101748,2026-09-06T02:23:12Z,~/wtrl/baselines/openfast,yes,
baseline_openfast,U7_TI8_S1.npz,218408172,2026-09-06T06:48:34Z,~/wtrl/baselines/openfast,yes,
baseline_openfast,U7_TI8_S2.npz,218408172,2026-09-06T06:48:34Z,~/wtrl/baselines/openfast,yes,
baseline_openfast,U7_TI8_S3.npz,218408172,2026-09-06T06:55:06Z,~/wtrl/baselines/openfast,yes,
baseline_openfast,U7_TI8_S4.npz,218408172,2026-09-06T06:55:10Z,~/wtrl/baselines/openfast,yes,
baseline_openfast,U7_TI8_S5.npz,218408172,2026-09-06T07:01:48Z,~/wtrl/baselines/openfast,yes,
baseline_openfast,U7_TI8_S6.npz,218408172,2026-09-06T07:01:50Z,~/wtrl/baselines/openfast,yes,
baseline_openfast,U8_TI14_S3.npz,10101748,2026-09-06T02:21:26Z,~/wtrl/baselines/openfast,yes,
baseline_openfast,U8_TI14_S4.npz,10101748,2026-09-06T02:21:26Z,~/wtrl/baselines/openfast,yes,
baseline_openfast,U8_TI2_S1.npz,10101748,2026-09-04T23:57:40Z,~/wtrl/baselines/openfast,yes,
baseline_openfast,U8_TI2_S2.npz,10101748,2026-09-04T23:57:42Z,~/wtrl/baselines/openfast,yes,
baseline_openfast,U8_TI8_S1.npz,9500528,2026-09-01T08:06:52Z,~/wtrl/baselines/openfast,yes,
baseline_openfast,U8_TI8_S10.npz,10101748,2026-09-09T23:08:17Z,~/wtrl/baselines/openfast,yes,
baseline_openfast,U8_TI8_S2.npz,9500528,2026-09-01T08:06:52Z,~/wtrl/baselines/openfast,yes,
baseline_openfast,U8_TI8_S3.npz,9500528,2026-09-01T08:07:50Z,~/wtrl/baselines/openfast,yes,
baseline_openfast,U8_TI8_S4.npz,9500528,2026-09-01T08:07:50Z,~/wtrl/baselines/openfast,yes,
baseline_openfast,U8_TI8_S5.npz,9500528,2026-09-01T08:08:48Z,~/wtrl/baselines/openfast,yes,
baseline_openfast,U8_TI8_S6.npz,9500528,2026-09-01T08:08:48Z,~/wtrl/baselines/openfast,yes,
baseline_openfast,U8_TI8_S7.npz,10101748,2026-09-09T23:08:15Z,~/wtrl/baselines/openfast,yes,
baseline_openfast,U8_TI8_S8.npz,10101748,2026-09-09T23:08:16Z,~/wtrl/baselines/openfast,yes,
baseline_openfast,U8_TI8_S9.npz,10101748,2026-09-09T23:08:17Z,~/wtrl/baselines/openfast,yes,
not_archived,~/wtrl/wind600/*.bts,,,,no,"600 s realisations for roadmap S19; 862 MB, NOT archived. Regenerate with scripts/gen_wind.py --means 8 12.5 15 --seeds 3 4 5 6 --ti 8 --time 650 --out ~/wtrl/wind600 (different realisations -> S19 numbers will not reproduce exactly, its conclusion will)"
not_archived,~/wtrl600/baselines/openfast/*.npz,,,,no,"paired 600 s GSPI baselines; 462 MB, NOT archived. Rebuild with make_baselines.py --episode_s 600 under WTRL_HOME=~/wtrl600 WTRL_WIND=~/wtrl/wind600"
not_archived,~/wtrl/baselines/toy/*.npz,,,,no,"toy-twin baselines, 45 MB, deterministic from the archived .bts: make_baselines.py --backend toy --means 8 12.5 15 --seeds 1 2 3 4 5 6"
